{"cameraMode":{"drawMode":0,"name":"Shaded","section":"Shading Mode"},"sceneLighting":true,"audioPlay":false,"sceneViewState":{"m_AlwaysRefresh":false,"showFog":true,"showSkybox":true,"showFlares":true,"showImageEffects":true,"showParticleSystems":true,"showVisualEffectGraphs":true,"m_FxEnabled":true},"in2DMode":false,"pivot":{"x":-4.0885396003723148,"y":-0.9704761505126953,"z":2.2137463092803957},"rotation":{"x":-0.32646530866622927,"y":0.048459090292453769,"z":-0.016760777682065965,"w":-0.9438372850418091},"size":20.68296241760254,"orthographic":false}